DayOfWeek,Hour,Avg_Vehicle_Count,Std_Vehicle_Count,Avg_Speed_kmh,Std_Speed_kmh,Avg_Road_Occupancy,Std_Road_Occupancy,Avg_Sentiment,Avg_Ride_Sharing,Avg_Parking,Sample_Count,Avg_Traffic_Density,Mode_Condition,Congestion_Probability,DayName
0,0,154.0556,86.2266,43.808,23.4992,49.5685,23.3501,0.1685,52.5833,29.5278,36,3.4381,High,0.5833,Monday
0,1,164.5,90.2427,47.0154,20.755,61.8538,26.4982,-0.0936,48.0278,23.3889,36,3.426,High,0.6667,Monday
0,2,156.9167,80.1817,42.6305,20.444,49.9956,22.764,0.0067,56.4444,20.0833,36,3.5965,High,0.6944,Monday
0,3,152.4444,76.5866,47.3343,18.8507,51.8902,26.0623,-0.0141,57.5,18.8889,36,3.154,High,0.5833,Monday
0,4,150.0,90.6658,41.9812,23.0322,60.4238,25.446,-0.04,45.3333,25.6944,36,3.4899,High,0.6667,Monday
0,5,152.25,76.6992,46.8283,23.0523,51.2687,26.0387,0.0861,47.7222,21.1944,36,3.1833,High,0.6389,Monday
0,6,145.25,76.6146,42.0917,18.1105,46.4193,23.4994,-0.0743,56.8889,25.1111,36,3.3707,High,0.4444,Monday
0,7,131.2222,76.1431,40.0665,21.6131,56.8513,29.2261,0.0852,48.1944,26.0556,36,3.1954,High,0.5556,Monday
0,8,139.2812,88.7157,43.4628,24.2979,55.5359,28.9432,0.0346,54.4062,22.2188,32,3.1325,High,0.5625,Monday
0,9,160.2917,79.9176,36.8637,21.3014,51.2738,20.6176,-0.0283,62.7083,24.0417,24,4.2334,High,0.625,Monday
0,10,150.0417,84.4401,35.1094,20.1128,63.2137,23.9482,-0.1094,50.3333,23.5833,24,4.1552,High,0.6667,Monday
0,11,175.875,82.767,46.724,20.3091,57.3644,25.398,-0.0104,47.4167,24.5,24,3.6853,High,0.7083,Monday
0,12,142.3333,74.2063,38.0734,22.7981,59.1587,25.9099,-0.2321,51.625,25.0,24,3.6427,High,0.6667,Monday
0,13,138.7083,71.9798,43.8826,20.8895,60.6444,24.6795,-0.0611,43.0417,27.7917,24,3.0905,High,0.5833,Monday
0,14,184.5833,74.7348,36.4281,24.9226,47.2222,27.4205,0.1335,53.5417,19.25,24,4.9317,High,0.7917,Monday
0,15,130.8333,74.4946,41.0585,22.5965,56.6841,28.6023,-0.2438,50.6667,25.25,24,3.1107,High,0.7083,Monday
0,16,141.4583,82.4916,47.833,20.4639,46.9137,25.7141,0.165,42.6667,24.0833,24,2.8968,High,0.5,Monday
0,17,149.1667,87.3178,42.6387,22.1534,63.2778,23.3724,0.0226,54.3333,26.0,24,3.4182,High,0.5,Monday
0,18,130.2083,79.5739,41.1497,22.8217,52.4552,23.6949,-0.1361,57.375,25.2083,24,3.0892,High,0.5417,Monday
0,19,177.4583,70.4964,40.9524,20.6815,59.1398,25.6521,0.1244,56.1667,26.5,24,4.23,High,0.6667,Monday
0,20,146.2083,95.4823,36.7355,20.6276,53.5196,26.4686,0.1073,47.6667,25.2917,24,3.8746,High,0.625,Monday
0,21,154.8333,83.6778,40.2113,21.8539,63.7215,25.7145,0.1174,52.5,24.625,24,3.7571,High,0.6667,Monday
0,22,155.9167,80.2637,47.9154,18.5275,65.2766,28.9876,0.0505,45.875,21.8333,24,3.1875,High,0.625,Monday
0,23,137.9167,87.0731,46.5644,18.9594,62.4909,27.1931,0.0094,52.7917,22.5833,24,2.8996,High,0.5833,Monday
1,0,153.75,86.3105,36.6766,19.8644,51.1656,27.6781,-0.0209,55.0833,22.75,24,4.0808,High,0.6667,Tuesday
1,1,156.0833,91.6833,48.3383,21.8837,57.7265,26.8132,0.2097,50.75,24.6667,24,3.1635,High,0.5833,Tuesday
1,2,144.4167,74.8505,46.5223,20.2415,61.7603,26.5798,-0.0008,52.0833,23.375,24,3.0389,High,0.5833,Tuesday
1,3,178.2917,90.5531,36.6087,22.8264,54.7682,24.4597,0.0998,52.0417,28.6667,24,4.7407,High,0.75,Tuesday
1,4,141.25,68.3598,43.9691,21.8167,46.1096,27.5633,0.0782,49.2083,23.3333,24,3.141,High,0.6667,Tuesday
1,5,172.75,79.3918,43.1871,23.5042,50.9606,27.99,-0.1908,39.9167,19.6667,24,3.9095,High,0.6667,Tuesday
1,6,165.2083,97.1771,47.0514,17.3719,47.3333,24.2766,0.1151,56.8333,26.625,24,3.4382,High,0.5417,Tuesday
1,7,166.375,75.6145,39.6013,17.6604,55.839,26.4876,-0.0692,51.375,18.9167,24,4.0978,High,0.5833,Tuesday
1,8,152.375,88.1322,35.4477,18.6591,57.0224,28.078,-0.0649,50.5833,25.25,24,4.1806,High,0.625,Tuesday
1,9,110.9167,75.6582,42.3707,22.4203,60.3874,26.699,0.2152,54.4583,22.4167,24,2.5574,High,0.7083,Tuesday
1,10,176.2083,81.3767,51.0377,17.9326,63.1435,27.4494,-0.1266,46.7083,29.375,24,3.3862,High,0.75,Tuesday
1,11,180.375,87.3393,36.8935,22.9138,53.5346,26.5034,-0.3,61.25,23.2917,24,4.7601,High,0.75,Tuesday
1,12,171.25,83.73,36.5012,24.7502,51.1742,26.7216,-0.0207,60.4583,23.7917,24,4.5665,High,0.8333,Tuesday
1,13,156.75,74.9395,41.3547,22.3915,52.6302,29.2319,0.0547,52.9583,23.125,24,3.7009,High,0.625,Tuesday
1,14,135.2083,81.3874,46.3666,22.7952,46.2837,29.6415,-0.0944,48.3333,24.6667,24,2.8545,High,0.5833,Tuesday
1,15,172.2917,82.6451,43.5759,22.0105,58.8465,28.0426,0.3025,42.25,20.9167,24,3.8651,High,0.7083,Tuesday
1,16,170.7083,82.238,36.7473,25.308,64.9011,24.993,0.1354,53.75,21.75,24,4.5224,High,0.875,Tuesday
1,17,150.875,67.9042,38.3431,21.4476,56.5104,26.2685,-0.0644,46.9167,29.0417,24,3.8349,High,0.6667,Tuesday
1,18,129.1667,81.095,37.0957,23.1143,55.1083,22.2461,0.1232,44.2917,25.6667,24,3.3906,High,0.5,Tuesday
1,19,174.125,91.8403,46.3652,18.9166,56.4302,24.0841,0.0608,45.0,25.5417,24,3.6762,High,0.6667,Tuesday
1,20,162.8333,94.941,44.6625,20.4058,46.5531,27.3633,-0.1551,48.6667,24.7083,24,3.566,High,0.5833,Tuesday
1,21,151.9583,75.3106,40.8798,25.3965,51.6657,24.7987,-0.1101,61.9583,27.5833,24,3.6284,High,0.6667,Tuesday
1,22,162.6667,93.2774,42.7905,23.9787,44.9321,21.4744,0.0725,46.0417,27.3333,24,3.7147,High,0.625,Tuesday
1,23,138.6667,96.4517,47.4925,21.6555,51.3909,23.5305,0.0328,55.8333,21.6667,24,2.8596,Medium,0.375,Tuesday
2,0,144.3333,88.6369,43.3702,21.3937,58.3445,24.808,-0.2093,52.7083,31.5417,24,3.2529,High,0.6667,Wednesday
2,1,165.3333,89.3156,51.0435,20.8725,48.4106,23.6786,0.1989,49.0,27.625,24,3.1768,High,0.625,Wednesday
2,2,132.625,85.7513,36.5712,20.0742,51.7507,28.8865,-0.0128,53.9583,25.0,24,3.53,High,0.625,Wednesday
2,3,161.1667,90.2839,44.003,21.5447,62.1174,23.9175,0.2047,51.5,22.625,24,3.5812,High,0.7083,Wednesday
2,4,151.125,86.7857,35.142,23.4127,47.8485,25.839,-0.2616,54.0417,26.1667,24,4.1814,High,0.6667,Wednesday
2,5,156.75,83.982,40.7674,19.5168,53.4753,21.8895,-0.0102,38.2917,25.25,24,3.7529,High,0.5417,Wednesday
2,6,132.75,71.2456,36.9437,20.8526,54.8027,25.568,-0.1043,43.75,27.7083,24,3.4986,High,0.625,Wednesday
2,7,141.5,96.237,44.0143,21.2652,55.4848,28.9599,0.1477,47.125,27.7083,24,3.1434,High,0.75,Wednesday
2,8,171.0417,92.4011,40.1895,27.7243,54.0712,25.5375,0.0863,60.7917,28.0833,24,4.1526,High,0.75,Wednesday
2,9,129.5417,90.0724,44.8734,23.8197,61.1117,27.5628,-0.0442,52.25,28.8333,24,2.8239,High,0.5833,Wednesday
2,10,121.5833,78.9452,40.618,21.3517,52.9925,24.1784,-0.1231,47.0833,24.7083,24,2.9214,High,0.5,Wednesday
2,11,137.625,79.2178,49.988,23.4633,55.9515,28.8833,0.1327,49.7083,24.7083,24,2.6992,High,0.4583,Wednesday
2,12,150.8333,80.8271,43.0317,20.9788,48.0122,27.6287,-0.0441,60.1667,27.375,24,3.4256,High,0.5833,Wednesday
2,13,165.6667,90.1365,41.3891,21.1698,49.3798,24.5638,0.2192,48.4167,28.9583,24,3.9082,High,0.625,Wednesday
2,14,166.875,87.0139,45.9826,20.3095,50.6705,28.9105,-0.1537,56.9583,22.9583,24,3.5518,High,0.5833,Wednesday
2,15,134.3333,75.1113,45.6265,22.6943,60.8996,26.0254,-0.0661,60.125,23.625,24,2.881,High,0.5417,Wednesday
2,16,140.7083,91.5739,35.5085,18.8908,53.9226,24.8907,0.0526,43.625,26.7917,24,3.8541,High,0.5417,Wednesday
2,17,163.5,79.9902,35.4563,23.5843,58.0019,23.4021,0.0096,57.625,28.5417,24,4.4848,High,0.75,Wednesday
2,18,177.7917,84.5474,45.8458,21.9454,46.6598,27.5587,-0.0301,46.9167,23.2917,24,3.7953,High,0.5833,Wednesday
2,19,157.9167,79.2541,40.9956,20.2105,54.3005,24.8165,-0.2558,45.3333,26.3333,24,3.7603,High,0.5417,Wednesday
2,20,155.5833,73.3146,41.1179,22.0917,56.6341,23.0926,-0.1756,48.2917,25.2917,24,3.694,High,0.6667,Wednesday
2,21,156.5833,86.8336,39.2557,18.6037,47.929,23.384,0.0487,45.2917,24.5417,24,3.8897,High,0.5833,Wednesday
2,22,151.625,83.7926,43.4968,24.7174,63.2441,24.9907,-0.0895,46.0833,19.8333,24,3.4075,High,0.6667,Wednesday
2,23,134.75,103.8214,37.4055,19.1449,56.331,26.7628,0.0776,37.5417,26.7917,24,3.5086,High,0.5833,Wednesday
3,0,153.3333,82.1661,44.0089,21.9991,61.8612,32.8238,0.0628,41.4583,24.125,24,3.4067,High,0.7083,Thursday
3,1,156.0417,85.1691,41.3041,20.8967,55.3314,19.2592,0.0423,52.9167,23.25,24,3.6886,High,0.7083,Thursday
3,2,147.7083,86.1225,35.0255,17.4611,58.1096,20.082,0.0035,52.9167,27.3333,24,4.1001,High,0.5417,Thursday
3,3,177.125,81.2919,40.0988,21.0101,56.1111,23.2911,-0.1558,49.125,22.8333,24,4.3097,High,0.75,Thursday
3,4,166.125,93.1998,41.9721,21.2532,57.5924,27.7344,0.042,58.375,26.1667,24,3.8659,High,0.7083,Thursday
3,5,172.4167,75.2965,34.5588,23.2438,66.1439,25.6955,0.0153,56.0833,22.5,24,4.8488,High,0.8333,Thursday
3,6,138.7917,80.8439,45.9816,23.7045,57.3048,31.1097,0.0325,50.2083,20.125,24,2.9542,High,0.5417,Thursday
3,7,152.5,84.6794,48.9544,19.1433,61.2235,22.0525,-0.3141,50.625,29.0417,24,3.0528,High,0.625,Thursday
3,8,173.8333,91.065,46.947,19.0966,59.1942,28.8578,-0.0444,44.7917,16.8333,24,3.6255,High,0.625,Thursday
3,9,147.2917,80.1094,42.4884,19.0618,64.5053,23.2548,0.0995,42.2917,28.0417,24,3.3869,High,0.7083,Thursday
3,10,160.625,90.15,40.9711,24.1685,60.2971,24.8659,-0.2945,42.8333,26.125,24,3.827,High,0.7083,Thursday
3,11,143.0,86.1525,32.3688,18.9555,61.7134,25.8963,-0.1273,57.0833,27.625,24,4.2854,High,0.6667,Thursday
3,12,136.0,77.5741,41.4445,20.5934,54.486,30.7738,0.1417,56.75,21.9583,24,3.2042,High,0.75,Thursday
3,13,140.2083,68.7706,46.9377,20.4537,57.2348,23.5558,-0.0038,45.625,27.125,24,2.9248,Medium,0.4167,Thursday
3,14,134.9167,77.9308,48.7556,23.0618,60.096,25.6895,0.0253,64.0417,27.5417,24,2.7116,High,0.75,Thursday
3,15,149.1667,75.9901,44.7529,21.5564,43.0118,22.2711,-0.0344,40.1667,23.125,24,3.2603,Medium,0.375,Thursday
3,16,154.5833,82.9515,45.3645,25.1791,44.288,25.3685,-0.0545,48.0833,20.8333,24,3.3341,High,0.5,Thursday
3,17,165.9167,84.4836,36.7578,22.3795,59.0805,27.8759,-0.1821,43.0417,24.5,24,4.3942,High,0.7917,Thursday
3,18,134.0,97.0415,43.1435,22.9601,53.8173,28.9724,-0.015,49.4167,26.375,24,3.0356,High,0.625,Thursday
3,19,166.4583,94.0656,44.8964,19.328,55.4598,27.2198,0.1317,45.1667,23.25,24,3.6268,High,0.625,Thursday
3,20,161.6667,69.1216,39.0099,25.0063,58.788,24.966,0.0048,54.8333,22.4167,24,4.0407,High,0.625,Thursday
3,21,150.1667,86.2422,37.2426,22.3081,58.3638,29.344,-0.0987,52.875,28.0,24,3.9267,High,0.75,Thursday
3,22,134.7917,92.8496,50.7612,14.8534,61.2503,25.9483,0.03,47.3333,24.25,24,2.6041,High,0.5417,Thursday
3,23,180.0,80.1406,37.2001,22.5343,64.7964,27.9312,-0.088,51.5417,21.125,24,4.712,High,0.7083,Thursday
4,0,131.1944,81.4167,39.4577,22.2651,56.9267,24.7916,-0.0519,45.75,20.6111,36,3.2428,High,0.6667,Friday
4,1,135.8611,73.1371,44.1574,22.5806,53.3463,23.7282,-0.1432,49.1944,22.5833,36,3.0086,High,0.5,Friday
4,2,150.2222,73.9266,40.7186,21.9677,54.0147,23.8763,0.0561,53.9167,23.6944,36,3.6008,High,0.5833,Friday
4,3,158.5,91.5007,43.7498,21.2955,54.2112,24.8714,-0.0596,45.5278,24.5,36,3.5419,High,0.6667,Friday
4,4,162.0556,80.4036,38.8407,19.6031,54.9089,25.4621,-0.132,49.4722,27.5833,36,4.0676,High,0.5833,Friday
4,5,137.4444,87.2662,42.3695,23.1757,54.5991,28.0075,0.0188,56.7222,20.4444,36,3.1691,High,0.6111,Friday
4,6,156.8056,84.4135,41.2321,22.9225,59.9632,28.618,0.0897,48.75,23.6111,36,3.7129,High,0.6944,Friday
4,7,166.9722,81.5358,41.3756,21.5977,59.2659,23.8819,0.0634,46.7778,24.7222,36,3.9403,High,0.6944,Friday
4,8,146.0278,79.4781,41.6818,18.788,60.0682,25.5695,-0.1183,46.0,26.0833,36,3.4213,High,0.6389,Friday
4,9,140.4444,92.2879,42.9455,23.3828,46.977,26.7557,-0.0569,52.8056,23.6111,36,3.1959,High,0.6389,Friday
4,10,162.8333,88.6097,45.1076,22.8631,51.5226,25.0328,-0.1744,51.1667,28.2778,36,3.5316,High,0.6944,Friday
4,11,145.5278,81.9563,37.6485,21.82,61.0656,27.236,-0.0346,42.6944,26.0278,36,3.7654,High,0.75,Friday
4,12,146.9444,71.0131,44.0316,20.8702,50.7195,24.5517,-0.0018,53.0278,23.5278,36,3.2631,High,0.5,Friday
4,13,158.4444,70.8658,43.7679,19.9347,52.7937,25.7858,0.1098,54.8889,18.7778,36,3.5392,High,0.5556,Friday
4,14,157.25,84.4983,44.2839,21.7135,56.3064,23.7595,-0.1519,51.3889,25.0833,36,3.4725,High,0.5556,Friday
4,15,138.2222,88.0481,45.2809,23.0972,54.9365,26.6243,0.1249,53.9444,26.1667,36,2.9866,High,0.6389,Friday
4,16,151.4444,82.5852,47.0769,24.1629,52.1424,26.7681,0.091,49.7778,29.1389,36,3.15,High,0.6111,Friday
4,17,161.9722,85.079,46.0885,19.7166,54.326,25.99,0.0208,48.8056,23.9722,36,3.4397,High,0.6667,Friday
4,18,166.9167,97.4991,39.5343,23.3016,51.7084,27.8167,-0.0536,48.7778,21.1111,36,4.1179,High,0.5833,Friday
4,19,186.1389,75.6323,38.2449,22.1843,44.3789,26.8056,0.1191,46.1111,23.75,36,4.743,High,0.5556,Friday
4,20,170.9722,78.8595,41.8144,21.8342,56.6604,26.4084,-0.0957,52.9167,25.8333,36,3.9933,High,0.6944,Friday
4,21,140.1944,82.1611,41.0414,20.9,52.5747,24.1002,0.1931,46.6111,29.1111,36,3.3347,High,0.6111,Friday
4,22,150.0556,92.2075,38.449,21.7998,57.3836,24.2939,0.1455,41.1389,18.0556,36,3.8038,High,0.6111,Friday
4,23,166.5278,73.8181,43.3101,18.6131,53.7014,24.9342,-0.0946,51.75,25.9444,36,3.7582,High,0.5278,Friday
5,0,140.4444,73.4199,49.12,17.5145,53.9563,25.6852,-0.1335,51.2778,22.5833,36,2.8022,High,0.5278,Saturday
5,1,157.9444,84.0265,45.8847,22.8328,50.2524,28.3461,0.0785,52.6111,24.6389,36,3.3688,High,0.75,Saturday
5,2,179.1667,72.8064,39.2671,21.7166,53.0836,25.6563,-0.0712,44.4444,26.5,36,4.4495,High,0.6389,Saturday
5,3,161.8333,90.8394,45.3221,21.5315,56.4651,28.0251,0.0485,60.1944,28.7222,36,3.4937,High,0.6667,Saturday
5,4,142.25,88.4887,41.8137,21.1224,49.6127,26.786,-0.0423,48.2778,23.7778,36,3.3225,High,0.6389,Saturday
5,5,165.0556,83.0242,43.4867,21.3653,56.0615,26.4573,0.0767,46.8889,23.1389,36,3.7102,High,0.6944,Saturday
5,6,160.1389,78.4672,40.4314,23.2556,51.7617,28.0021,0.0222,46.3333,25.8889,36,3.8652,High,0.5556,Saturday
5,7,148.4444,89.832,39.76,21.1181,54.638,27.8872,0.0783,52.5833,30.1389,36,3.6419,High,0.5,Saturday
5,8,153.4167,89.9728,41.5326,24.1405,46.536,28.2679,-0.0559,55.5556,26.9167,36,3.607,High,0.6667,Saturday
5,9,147.7222,90.1562,39.5912,19.7262,52.4341,27.7162,0.0263,43.0,28.7778,36,3.6393,High,0.6944,Saturday
5,10,178.0556,80.0307,42.9509,20.222,50.9067,23.6298,-0.1607,50.2222,26.9722,36,4.0512,High,0.6111,Saturday
5,11,150.5833,90.3135,45.7573,23.8198,51.4514,24.8273,0.1305,55.4722,22.6389,36,3.2205,High,0.5833,Saturday
5,12,142.3333,87.0986,41.4988,22.8034,59.004,25.6502,0.0778,55.3611,29.2778,36,3.3491,High,0.6944,Saturday
5,13,139.1667,88.9014,42.2878,23.9861,51.4914,24.5443,-0.07,50.2778,22.5,36,3.2149,High,0.6111,Saturday
5,14,146.7778,83.281,44.197,23.1463,61.9356,26.8778,-0.1259,44.0,25.2222,36,3.2475,High,0.6389,Saturday
5,15,153.75,86.0343,44.0861,20.0784,44.5816,26.0058,0.0484,54.0556,26.6667,36,3.4101,High,0.5,Saturday
5,16,176.9444,73.6932,45.5435,23.4542,57.6164,28.6154,0.2407,49.25,23.0556,36,3.8017,High,0.6944,Saturday
5,17,152.25,82.9045,39.4946,22.5494,49.3433,27.498,0.0594,56.8056,24.5556,36,3.7598,High,0.6944,Saturday
5,18,167.4167,80.965,40.8158,22.4472,47.3721,27.7076,-0.0892,50.3889,25.6667,36,4.0037,High,0.7222,Saturday
5,19,171.5,83.7177,41.1935,22.2322,62.0123,24.7496,0.0116,56.25,24.8889,36,4.0646,High,0.6944,Saturday
5,20,139.3889,86.3618,41.5677,20.272,53.4895,26.2026,-0.0999,54.2222,21.1944,36,3.2745,High,0.5278,Saturday
5,21,154.25,77.587,45.2167,19.5223,51.8699,25.7884,0.0064,41.7222,26.6111,36,3.3375,High,0.5,Saturday
5,22,154.0278,91.3159,43.8222,22.8152,56.0633,24.5433,-0.2125,44.9444,21.5278,36,3.4364,High,0.6944,Saturday
5,23,144.2222,84.7915,41.5439,23.1905,56.5689,27.1337,0.0869,55.3333,25.5833,36,3.39,High,0.7778,Saturday
6,0,148.8611,80.5542,43.4259,23.2461,56.8103,30.0111,-0.0079,49.3889,24.4722,36,3.3508,High,0.6389,Sunday
6,1,187.5556,81.5785,38.9046,20.9454,62.7186,24.7427,0.0077,44.1944,18.5833,36,4.7001,High,0.6944,Sunday
6,2,165.9444,78.8198,33.5423,22.0908,54.9787,23.825,-0.0241,55.1111,25.6944,36,4.8041,High,0.6111,Sunday
6,3,139.5278,89.8203,46.9888,19.8495,58.2738,22.1208,-0.0392,52.0556,21.0278,36,2.9075,High,0.5278,Sunday
6,4,155.9444,90.9445,37.2309,22.9196,61.2382,27.1766,-0.097,52.1944,24.0833,36,4.079,High,0.75,Sunday
6,5,160.2778,85.8326,39.2931,21.7005,49.8568,26.0264,-0.0254,48.3056,26.5278,36,3.9778,High,0.5833,Sunday
6,6,167.0278,85.5962,43.3202,23.5142,55.6445,27.6853,-0.01,47.0833,23.2222,36,3.7687,High,0.7778,Sunday
6,7,169.0833,75.0125,43.9948,22.9224,52.5099,26.9324,0.1213,50.7778,26.1389,36,3.7578,High,0.7222,Sunday
6,8,166.7778,77.9583,47.3408,21.0124,54.7122,30.9532,0.0259,54.5278,23.3889,36,3.45,High,0.75,Sunday
6,9,155.9722,73.1712,43.9384,22.603,55.7161,24.8815,0.034,50.9722,27.2778,36,3.4708,High,0.5833,Sunday
6,10,176.3611,86.7088,36.0877,23.0236,50.2557,22.7719,-0.0244,45.6389,24.5556,36,4.7552,High,0.7778,Sunday
6,11,138.8056,84.2146,41.8592,20.8846,48.7273,30.2811,-0.1344,55.9444,24.4722,36,3.2386,High,0.6389,Sunday
6,12,175.4444,79.9862,44.9056,21.6611,54.9164,24.9588,0.1581,40.75,16.25,36,3.8219,High,0.6389,Sunday
6,13,171.75,79.4705,43.4973,22.4377,52.3757,26.264,0.0795,44.1389,27.25,36,3.8598,High,0.6667,Sunday
6,14,117.9167,86.8968,42.3063,22.7103,49.6304,28.2128,0.0011,57.3333,27.0,36,2.7229,High,0.7222,Sunday
6,15,138.75,83.361,44.3543,22.0704,58.8735,25.5612,-0.1385,49.3889,24.4167,36,3.0592,High,0.5,Sunday
6,16,142.1389,86.7489,40.8569,23.2396,54.2941,26.6997,-0.068,45.1944,24.8056,36,3.3958,High,0.6389,Sunday
6,17,155.5833,79.5126,36.7813,21.5407,57.3479,28.9248,0.0798,45.3333,21.5,36,4.118,High,0.6111,Sunday
6,18,168.3611,85.8414,43.0398,21.2578,57.621,26.6783,0.0236,51.4722,23.0278,36,3.8229,High,0.6667,Sunday
6,19,161.4722,89.4419,37.5999,23.6816,48.7269,22.6333,0.0331,55.5833,28.3889,36,4.1832,High,0.6111,Sunday
6,20,133.8611,85.6438,41.802,21.2004,56.4382,26.5101,-0.0377,49.75,25.0833,36,3.1274,High,0.5278,Sunday
6,21,156.75,97.8014,39.6176,23.3644,55.7243,28.8729,-0.056,50.5556,23.6667,36,3.8592,High,0.7222,Sunday
6,22,150.3611,81.612,40.9571,20.6477,49.3331,23.1468,-0.0745,64.0556,25.9444,36,3.5837,High,0.5278,Sunday
6,23,127.8889,83.3556,37.9337,22.0024,52.6141,27.4247,0.1003,57.5833,23.3611,36,3.2848,High,0.6944,Sunday
