Vehicle_ID,Pixel_Distance,Time_Seconds,Pixel_Speed,Speed_mps,Speed_kmh
101,475.20706,3.044708333333333,156.07639,7.803819,28.093748
103,168.55785,1.4597916666666666,115.46706,5.773353,20.784071
104,34.397434,0.33366666666666667,103.08922,5.154461,18.556059
105,719.677,8.925583333333332,80.63081,4.031541,14.513547
108,1354.4177,11.136125,121.623795,6.0811896,21.892282
109,671.04004,3.6703333333333332,182.8281,9.141405,32.909058
98,1143.2506,6.715041666666666,170.2522,8.51261,30.645397
113,1018.3518,5.672333333333333,179.52962,8.976481,32.31533
116,258.81134,2.3356666666666666,110.808334,5.5404167,19.9455
118,913.04675,6.631625,137.6807,6.8840346,24.782524
119,942.9761,6.005999999999999,157.00568,7.850284,28.261023
120,111.89066,0.9592916666666667,116.63884,5.831942,20.994991
121,1043.6663,9.801458333333333,106.48071,5.3240356,19.166529
122,241.68211,2.2522499999999996,107.30697,5.3653483,19.315254
123,273.433,3.169833333333333,86.261,4.3130503,15.52698
124,639.1054,8.591916666666666,74.38449,3.7192247,13.389209
125,719.45184,4.170833333333333,172.49596,8.624798,31.04927
126,983.53217,7.674333333333333,128.15865,6.4079323,23.068556
127,606.367,5.588916666666666,108.49455,5.424728,19.52902
128,214.31319,2.0854166666666667,102.76757,5.1383786,18.498163
129,829.4777,4.963291666666667,167.1225,8.356125,30.082048
130,1151.8446,10.510499999999999,109.5899,5.479495,19.726181
133,986.6233,7.298958333333333,135.17317,6.758659,24.331171
134,1015.85126,5.463791666666666,185.92422,9.296211,33.46636
135,551.2807,4.879874999999999,112.970245,5.6485124,20.334644
136,744.4828,5.338666666666667,139.45108,6.972554,25.101194
138,318.54312,3.0864166666666666,103.20808,5.1604037,18.577454
139,728.48035,5.797458333333333,125.65513,6.2827563,22.617922
140,1005.9675,7.75775,129.67259,6.4836297,23.341066
143,826.69794,4.379375,188.77075,9.438538,33.978733
145,1300.3342,10.969291666666665,118.54314,5.927157,21.337765
146,421.22772,4.212541666666667,99.99372,4.9996862,17.99887
147,968.54803,4.921583333333333,196.79604,9.839802,35.423286
148,1101.8538,6.381374999999999,172.66714,8.633357,31.080084
149,1119.199,6.965291666666666,160.68228,8.034114,28.92281
150,698.36523,5.463791666666666,127.816956,6.3908477,23.007051
151,815.67645,9.592916666666666,85.02904,4.251452,15.305226
152,917.9133,6.5065,141.07637,7.0538187,25.393747
153,706.4314,4.129124999999999,171.085,8.554251,30.795301
154,988.7356,8.633624999999999,114.52149,5.7260747,20.613869
155,344.95053,3.0029999999999997,114.86864,5.743432,20.676355
156,805.2694,5.880875,136.9302,6.8465104,24.647436
157,975.30194,8.008,121.79095,6.0895476,21.92237
158,1168.0074,7.674333333333333,152.19661,7.6098304,27.39539
159,1310.2919,10.01,130.89828,6.5449142,23.561691
160,664.8171,5.380375,123.56334,6.178167,22.2414
161,804.3099,9.592916666666666,83.84415,4.1922073,15.091946
162,958.80536,7.7160416666666665,124.2613,6.213065,22.367033
163,299.4193,2.75275,108.77098,5.438549,19.578775
164,900.04266,6.589916666666666,136.57877,6.8289385,24.584177
165,317.68063,2.919583333333333,108.810265,5.440513,19.585846
166,342.1383,3.25325,105.16816,5.258408,18.93027
167,1126.4006,7.090416666666666,158.86241,7.9431205,28.595234
168,428.7606,4.170833333333333,102.79974,5.1399875,18.503954
169,869.9464,5.839166666666666,148.98468,7.449234,26.817242
170,958.0999,8.258249999999999,116.0173,5.800865,20.883114
172,516.96063,4.004,129.11104,6.455552,23.239986
173,784.2118,5.046708333333333,155.39076,7.7695384,27.970337
174,695.8384,7.799458333333333,89.21624,4.460812,16.058924
175,632.17523,5.088416666666666,124.238106,6.2119055,22.36286
176,854.32336,6.172833333333333,138.40053,6.9200263,24.912094
177,671.37964,6.965291666666666,96.38931,4.8194656,17.350077
178,316.06506,3.795458333333333,83.27454,4.1637273,14.989418
180,166.87735,1.626625,102.59116,5.129558,18.466408
182,629.5393,6.131125,102.67925,5.1339626,18.482265
183,904.6942,4.671333333333333,193.66937,9.683469,34.860485
185,413.0064,5.171833333333333,79.856865,3.9928434,14.374236
188,352.3008,4.212541666666667,83.63142,4.181571,15.053656
191,269.93024,3.0864166666666666,87.45748,4.3728743,15.742347
192,402.0849,3.8371666666666666,104.78693,5.2393465,18.861647
193,400.12836,2.7110416666666666,147.5921,7.3796053,26.566578
194,397.39862,3.4617916666666666,114.79565,5.7397823,20.663216
195,454.30676,3.294958333333333,137.87936,6.893968,24.818285
197,272.09415,2.419083333333333,112.4782,5.6239104,20.246077
198,218.27086,1.5014999999999998,145.36853,7.2684264,26.166334
199,105.51995,1.2095416666666665,87.23962,4.361981,15.703131
200,133.5967,1.1678333333333333,114.39706,5.719853,20.59147
203,18.662577,0.25025,74.57573,3.7287865,13.423631
204,11.3484,0.125125,90.6965,4.5348253,16.32537
